mu,l0,l1,l2
0.000000000000000000e+00,1.000000000000000000e+00,3.000000000000000000e+00,5.000000000000000000e+00
6.060606060606060774e-02,1.000000000000000000e+00,3.060606060606060552e+00,5.060606060606060552e+00
1.212121212121212155e-01,1.000000000000000000e+00,3.121212121212121104e+00,5.121212121212121104e+00
1.818181818181818232e-01,1.000000000000000000e+00,3.181818181818181657e+00,5.181818181818181657e+00
2.424242424242424310e-01,1.000000000000000000e+00,3.242424242424242209e+00,5.242424242424242209e+00
3.030303030303030387e-01,1.000000000000000000e+00,3.303030303030303205e+00,5.303030303030302761e+00
3.636363636363636465e-01,1.000000000000000000e+00,3.363636363636363757e+00,5.363636363636363313e+00
4.242424242424242542e-01,1.000000000000000000e+00,3.424242424242424310e+00,5.424242424242423866e+00
4.848484848484848619e-01,1.000000000000000000e+00,3.484848484848484862e+00,5.484848484848484418e+00
5.454545454545454142e-01,1.000000000000000000e+00,3.545454545454545414e+00,5.545454545454544970e+00
6.060606060606060774e-01,1.000000000000000000e+00,3.606060606060605966e+00,5.606060606060606410e+00
6.666666666666667407e-01,1.000000000000000000e+00,3.666666666666666963e+00,5.666666666666666963e+00
7.272727272727272929e-01,1.000000000000000000e+00,3.727272727272727515e+00,5.727272727272727515e+00
7.878787878787878451e-01,1.000000000000000000e+00,3.787878787878788067e+00,5.787878787878788067e+00
8.484848484848485084e-01,1.000000000000000000e+00,3.848484848484848619e+00,5.848484848484848619e+00
9.090909090909091717e-01,1.000000000000000000e+00,3.909090909090909172e+00,5.909090909090909172e+00
9.696969696969697239e-01,1.000000000000000000e+00,3.969696969696969724e+00,5.969696969696969724e+00
1.030303030303030276e+00,1.000000000000000000e+00,4.030303030303030276e+00,6.030303030303030276e+00
1.090909090909090828e+00,1.000000000000000000e+00,4.090909090909090828e+00,6.090909090909090828e+00
1.151515151515151603e+00,1.000000000000000000e+00,4.151515151515151381e+00,6.151515151515151381e+00
1.212121212121212155e+00,1.000000000000000000e+00,4.212121212121211933e+00,6.212121212121211933e+00
1.272727272727272707e+00,1.000000000000000000e+00,4.272727272727272485e+00,6.272727272727272485e+00
1.333333333333333481e+00,1.000000000000000000e+00,4.333333333333333925e+00,6.333333333333333925e+00
1.393939393939394034e+00,1.000000000000000000e+00,4.393939393939394478e+00,6.393939393939394478e+00
1.454545454545454586e+00,1.000000000000000000e+00,4.454545454545455030e+00,6.454545454545455030e+00
1.515151515151515138e+00,1.000000000000000000e+00,4.515151515151515582e+00,6.515151515151515582e+00
1.575757575757575690e+00,1.000000000000000000e+00,4.575757575757576134e+00,6.575757575757576134e+00
1.636363636363636465e+00,1.000000000000000000e+00,4.636363636363636687e+00,6.636363636363636687e+00
1.696969696969697017e+00,1.000000000000000000e+00,4.696969696969697239e+00,6.696969696969697239e+00
1.757575757575757569e+00,1.000000000000000000e+00,4.757575757575757791e+00,6.757575757575757791e+00
1.818181818181818343e+00,1.000000000000000000e+00,4.818181818181818343e+00,6.818181818181818343e+00
1.878787878787878896e+00,1.000000000000000000e+00,4.878787878787878896e+00,6.878787878787878896e+00
1.939393939393939448e+00,1.000000000000000000e+00,4.939393939393939448e+00,6.939393939393939448e+00
2.000000000000000000e+00,1.000000000000000000e+00,5.000000000000000000e+00,7.000000000000000000e+00
2.060606060606060552e+00,1.000000000000000000e+00,5.060606060606060552e+00,7.060606060606060552e+00
2.121212121212121104e+00,1.000000000000000000e+00,5.121212121212121104e+00,7.121212121212121104e+00
2.181818181818181657e+00,1.000000000000000000e+00,5.181818181818181657e+00,7.181818181818181657e+00
2.242424242424242653e+00,1.000000000000000000e+00,5.242424242424242209e+00,7.242424242424242209e+00
2.303030303030303205e+00,1.000000000000000000e+00,5.303030303030302761e+00,7.303030303030302761e+00
2.363636363636363757e+00,1.000000000000000000e+00,5.363636363636363313e+00,7.363636363636363313e+00
2.424242424242424310e+00,1.000000000000000000e+00,5.424242424242423866e+00,7.424242424242423866e+00
2.484848484848484862e+00,1.000000000000000000e+00,5.484848484848484418e+00,7.484848484848484418e+00
2.545454545454545414e+00,1.000000000000000000e+00,5.545454545454544970e+00,7.545454545454544970e+00
2.606060606060605966e+00,1.000000000000000000e+00,5.606060606060605522e+00,7.606060606060605522e+00
2.666666666666666963e+00,1.000000000000000000e+00,5.666666666666666963e+00,7.666666666666666963e+00
2.727272727272727515e+00,1.000000000000000000e+00,5.727272727272727515e+00,7.727272727272727515e+00
2.787878787878788067e+00,1.000000000000000000e+00,5.787878787878788067e+00,7.787878787878788067e+00
2.848484848484848619e+00,1.000000000000000000e+00,5.848484848484848619e+00,7.848484848484848619e+00
2.909090909090909172e+00,1.000000000000000000e+00,5.909090909090909172e+00,7.909090909090909172e+00
2.969696969696969724e+00,1.000000000000000000e+00,5.969696969696969724e+00,7.969696969696969724e+00
3.030303030303030276e+00,1.000000000000000000e+00,6.030303030303030276e+00,8.030303030303031164e+00
3.090909090909090828e+00,1.000000000000000000e+00,6.090909090909090828e+00,8.090909090909089940e+00
3.151515151515151381e+00,1.000000000000000000e+00,6.151515151515151381e+00,8.151515151515152269e+00
3.212121212121212377e+00,1.000000000000000000e+00,6.212121212121212821e+00,8.212121212121212821e+00
3.272727272727272929e+00,1.000000000000000000e+00,6.272727272727273373e+00,8.272727272727273373e+00
3.333333333333333481e+00,1.000000000000000000e+00,6.333333333333333925e+00,8.333333333333333925e+00
3.393939393939394034e+00,1.000000000000000000e+00,6.393939393939394478e+00,8.393939393939394478e+00
3.454545454545454586e+00,1.000000000000000000e+00,6.454545454545455030e+00,8.454545454545455030e+00
3.515151515151515138e+00,1.000000000000000000e+00,6.515151515151515582e+00,8.515151515151515582e+00
3.575757575757575690e+00,1.000000000000000000e+00,6.575757575757576134e+00,8.575757575757576134e+00
3.636363636363636687e+00,1.000000000000000000e+00,6.636363636363636687e+00,8.636363636363636687e+00
3.696969696969697239e+00,1.000000000000000000e+00,6.696969696969697239e+00,8.696969696969697239e+00
3.757575757575757791e+00,1.000000000000000000e+00,6.757575757575757791e+00,8.757575757575757791e+00
3.818181818181818343e+00,1.000000000000000000e+00,6.818181818181818343e+00,8.818181818181818343e+00
3.878787878787878896e+00,1.000000000000000000e+00,6.878787878787878896e+00,8.878787878787878896e+00
3.939393939393939448e+00,1.000000000000000000e+00,6.939393939393939448e+00,8.939393939393939448e+00
4.000000000000000000e+00,1.000000000000000000e+00,7.000000000000000000e+00,9.000000000000000000e+00
4.060606060606060552e+00,1.000000000000000000e+00,7.060606060606060552e+00,9.060606060606060552e+00
4.121212121212121104e+00,1.000000000000000000e+00,7.121212121212121104e+00,9.121212121212121104e+00
4.181818181818181657e+00,1.000000000000000000e+00,7.181818181818181657e+00,9.181818181818181657e+00
4.242424242424242209e+00,1.000000000000000000e+00,7.242424242424242209e+00,9.242424242424242209e+00
4.303030303030302761e+00,1.000000000000000000e+00,7.303030303030302761e+00,9.303030303030302761e+00
4.363636363636363313e+00,1.000000000000000000e+00,7.363636363636363313e+00,9.363636363636363313e+00
4.424242424242424754e+00,1.000000000000000000e+00,7.424242424242424754e+00,9.424242424242425642e+00
4.484848484848485306e+00,1.000000000000000000e+00,7.484848484848485306e+00,9.484848484848484418e+00
4.545454545454545858e+00,1.000000000000000000e+00,7.545454545454545858e+00,9.545454545454546746e+00
4.606060606060606410e+00,1.000000000000000000e+00,7.606060606060606410e+00,9.606060606060605522e+00
4.666666666666666963e+00,1.000000000000000000e+00,7.666666666666666963e+00,9.666666666666667851e+00
4.727272727272727515e+00,1.000000000000000000e+00,7.727272727272727515e+00,9.727272727272726627e+00
4.787878787878788067e+00,1.000000000000000000e+00,7.787878787878788067e+00,9.787878787878788955e+00
4.848484848484848619e+00,1.000000000000000000e+00,7.848484848484848619e+00,9.848484848484847731e+00
4.909090909090909172e+00,1.000000000000000000e+00,7.909090909090909172e+00,9.909090909090910060e+00
4.969696969696969724e+00,1.000000000000000000e+00,7.969696969696969724e+00,9.969696969696968836e+00
5.030303030303030276e+00,1.000000000000000000e+00,8.030303030303031164e+00,1.003030303030303116e+01
5.090909090909090828e+00,1.000000000000000000e+00,8.090909090909089940e+00,1.009090909090908994e+01
5.151515151515151381e+00,1.000000000000000000e+00,8.151515151515152269e+00,1.015151515151515227e+01
5.212121212121211933e+00,1.000000000000000000e+00,8.212121212121211045e+00,1.021212121212121104e+01
5.272727272727272485e+00,1.000000000000000000e+00,8.272727272727273373e+00,1.027272727272727337e+01
5.333333333333333925e+00,1.000000000000000000e+00,8.333333333333333925e+00,1.033333333333333393e+01
5.393939393939394478e+00,1.000000000000000000e+00,8.393939393939394478e+00,1.039393939393939448e+01
5.454545454545455030e+00,1.000000000000000000e+00,8.454545454545455030e+00,1.045454545454545503e+01
5.515151515151515582e+00,1.000000000000000000e+00,8.515151515151515582e+00,1.051515151515151558e+01
5.575757575757576134e+00,1.000000000000000000e+00,8.575757575757576134e+00,1.057575757575757613e+01
5.636363636363636687e+00,1.000000000000000000e+00,8.636363636363636687e+00,1.063636363636363669e+01
5.696969696969697239e+00,1.000000000000000000e+00,8.696969696969697239e+00,1.069696969696969724e+01
5.757575757575757791e+00,1.000000000000000000e+00,8.757575757575757791e+00,1.075757575757575779e+01
5.818181818181818343e+00,1.000000000000000000e+00,8.818181818181818343e+00,1.081818181818181834e+01
5.878787878787878896e+00,1.000000000000000000e+00,8.878787878787878896e+00,1.087878787878787890e+01
5.939393939393939448e+00,1.000000000000000000e+00,8.939393939393939448e+00,1.093939393939393945e+01
6.000000000000000000e+00,1.000000000000000000e+00,9.000000000000000000e+00,1.100000000000000000e+01
